{
  "average_accuracy": 0.9991254684572143,
  "fold_accuracies": [
    1.0,
    0.9993753903810119,
    0.9981261711430356,
    0.9987507807620237,
    0.999375
  ]
}